318416179	RVahidian	Reyhaneh Vahidian
43185012	saberkhosravi	saber khosravi
58800236	josefholm	Josef Holm
745586707	LeonardDuCharme	Leonard DuCharme
390564870	AskThilini	Thilini Abeysekara
17011946	subtlenetwork	Jarrod Wright
512038974	KhanShafi_	Shafi Khan
45810412	WilliamABurnell	William Burnell
145305040	MarjiJSherman	Marji J. Sherman
783705	davepeck	Dave Peck
18185124	jeffbullas	Jeff Bullas
40096456	jimjonassen	Jim Jonassen
727174638887948289	emma_rp2	Emma Eyre
8523822	iannarino	Anthony Iannarino
2497089360	elhamhomayoon	Elham Homayoon
824996416162496512	smohkazemi	Mohammad Kazemi
730292088068313088	hosseinnasiri00	Hossein Nasiri
882097066264211456	ideacasting	IdeaCast
4572980412	RAMINSL	Ramin Safaei
459492917	HowHackersThink	Tim Summers
711238577514881025	mission_linda	Linda
25267122	teikko	Ville Teikko
272335988	alirezavaahedi	AlirezaVahedi
5768872	garyvee	Gary Vaynerchuk
329062952	dssaa10	Diana Salman
846455574418087936	CTripetzky	Clotilde Tripetzky
2417205140	MahsaKianii	Mahsa
138504886	Aida_Lutaj	Aida Lutaj
2368776817	DominikSuter	Dominik Suter
861126053774868480	Baharanieh	Baharan Molaie
858951220169519105	talenteem	Talenteem
39099783	NikkiElizDemere	Nichole Elizabeth
1555738465	Hesamx	Hesam Sanei
226364298	m0hmate	Mohmate 
327485046	syazdanian	Sina Yazdanian
2472591458	ShabnamSafari1	Shabnam Safari
168827211	Jooyande7	Mohsen Elhamian
2566975149	Alizadeh_me	Ali Alizadeh
586288832	Tadeh19	Tadeh Alexani
709065815606296578	hamidfarajii	Hamid Faraji
850753373271977984	itsarqavaaan	  
10247252	leeannemca	Lee-Anne McAlear
842958601	___silverfox___	Babak
826691524264132609	A_Herberholz	Angela Herberholz
808337380436574209	TechPinHQ	TechPin
540824037	DokhtAban	zohaw
2469819698	sunnystatue	Alireza Alidoust
25458378	AskAaronLee	Aaron Lee
95480053	mvalipour	Mo Valipour
3604713802	hoseinz3	hosein
3279399990	lotfi_moslem	Moslem Lotfi
1239613994	saeed_rohani	Saeed Rohani
4623165274	Farimah_byt	Farimah 
836609418	mr_aaz_	AmirAbbasZamaniYan
2338089915	Omid_Golchin	Omid Golchin
823854644489322496	xishma	Hasan Noori
4337033841	zorceio	Ian G
781463288802521088	iamsanjayshah1	Sanjay Shah
3299655221	jalalianSadegh	Sadegh Jalalian
373883201	VladoBotsvadze	Vladimer Botsvadze
1292708150	HamedEbrahimi41	Hamed Ebrahimi
105868745	vahid_gian	vahid mohammadian
15306499	aliajafari	 
784391153739333632	mohammadrhemati	Mohammadreza Hemmati
94954307	safaharatian	Safa Haratian
357034572	Daryooshde	Daryoosh Dehestani
46751860	amit_maimon	Amit Maimon
765678706371076096	bobmanchu	Bob Chu
1140422712	rezanajafi72	Reza
784820465814560769	KavehGoudarzi	 
784793507168911361	MehrnooshAlemi	Mehrnoosh
226777208	lisaillman	Lisa Illman
2265638461	Hasan_Ataei	Hasan Ataei
23553388	NathanLatka	Nathan Latka
254081291	uncleShellby	uncleShelby
2546876460	vghanbariz	vahid ghanbari
4159901114	mriranexpo	mrexpo
56338775	MariaFranzoni	Maria Franzoni
706833533285695490	MrHe3aM	Seyed Hesam Salehi
727751457722732545	Momedaaa	Mehdi
21854943	kaihattendorf	kai hattendorf
5514192	kenradio	Ken Rutkowski
587525836	SohailAbasi	Sohail Abasi
2170107145	amireshraqi	amir eshraqi
777478314525093888	nimasaedii	Nima saedi
2230521556	FarzinNami	Farzin
2903584331	EleRobuschi	Eleonora Robuschi
111819175	ibrahimkhaldi70	Ibrahim Alkhladli
736465513019232256	HashemiKurosh	Kurosh Hashemi
4068723082	Saberbsayadi	Saber B. Sayadi
767008121734606848	TalkingVentures	Talking Ventures
747844083981287424	CrowdInvestFeed	Crowd Invest Summit
3413037808	SaaSCommunity	SaaS Community
451955384	ThreeVentures	Three Ventures
132809579	reza_saeedinia	Reza Saeedinia
761256755410067456	jr_feen	Jennifer Feeney
3513830355	AmirSarabadani	Amir Sarabadani
37753275	stephselesnick	stephanie selesnick
17850785	larrykim	Larry Kim
256440167	sorooshbj	soroosh bahramji
2729131	Mardetanha	Mardetanha
17832628	dlavenda	David Lavenda
96410275	shah_shahi84	Shahryar
7356352	juliagogacooke	julia goga-cooke
14577701	brentrt	Brent Turner
474314063	JBarrettNYC	Jennifer Barrett
1678540796	aghdassi	AmirHossein Aghdassi
715715005	ReSasanian	Reza Sasanian
753570561842970624	iamalirezanouri	Alireza nouri
4554173307	nasimm_kz	nasim keshavarz
477688167	Hamedjf	Hamed Jafari
91137263	MindfulnessEngi	Dr. Shima Beigi
2501588160	raadcom1	Bijan Behvandi
738026367917383680	MPollmann_Koeln	Matthias Pollmann
2787911245	EmadSaedi	Emad Saedi
2583474378	Petracribb	Petra Cribb
343955630	NickDMUFI	Nick DM - UFI
774533610	MrNarenji	Mr.Narenji
114814408	EhsanTarighat	Ehsan Tarighat
3018163924	ali_shahbandi	ali shahbandi
68032154	YasminAfs	Yasmin Afshar
17052419	Xserre	Xavier Desmaison
252933308	iransera	Iran
531699251	masoudvr	Masoud Amoozegar
104091665	mattvojdani	Matt Vojdani
2258341844	MichaelDeMolina	Michael DeMolina
449026354	CrowdWeek	Crowdsourcing Week
96955127	UFILive	UFI
1191755930	SamanRj	Saman Rajaei
385401416	MahdiAmirabadi	Mahdi Amirabadi
357310745	GonzoTorpedo	Drew Prindle
6108862	joelcomm	Joel Comm
635771194	Mehrinejad	Sara M.   .
313119999	issavejdani	Issa Vejdani
14953442	faghihy	Amirhosein
1066595227	AmirR3zaM	Amirreza Mohammadi
18281206	Yagoob	Farshid
614574504	navidbehrangi	Navid Behrangi
76083444	anandb4141	Anand Bhadran
587763910	MariaAfsharian	Maria Afsharian
1100276496	HR_Reyhaneh	Reyhaneh Khalilpour
2182593151	Yasmatin	Yasaman Matin
20947270	JerryRatigan	Jerry Ratigan, CPA
14735121	MazJobrani	MazJobrani
16779204	h0d3r	Hossein Derakhshan
192749697	LouyFierce	Louy Fierce
1242036763	mtootia	Mohammad Tootia
2165341368	TremblyLawFirm	Trembly Law Firm
164158238	ISTproperties	Hamed Harmony
5548212	AndrewMayne	Andrew Mayne
938898656	jeanluc_scherer	jean-luc scherer
2798703933	lindathaler2	Linda Thaler
300876776	andrasonea	Andra Sonea
4587045820	umekhane	umekhane
135502488	MahdiLogs	Mahdi
14619085	Keyhanimo	Mohammad Keyhani
278847889	noramayc	Noramay Cadena
114713647	goodarzi121	Amir Goodarzi
65805181	Abreshalvarpush	 
844879898	shervinmashayek	shervin mashayekh
581921853	MoAbri	Mo R. Abrishamchi
2341464631	RobertsonWrites	Joshua Robertson
66666740	paul_berko	Paul Berkovic
2930447100	_EileenWalker_	Eileen Walker
3386853009	Ali_Moghanchi	Ali Moghanchi
45237150	AlanMorte	Alan Morte
14200022	gregmushen	Greg Mushen
37098500	eeeemartin	Eric Martin
7019512	shannoncoulter	Shannon Coulter
1603776690	phongtly	Phong Ly
3897856709	mafisch83	Marc Fischer
1695010238	its_samanthajc	Samantha Cuellar
2879306620	taskulu_ir	
85741515	trevorhatfield	Trevor Hatfield
2485458836	iamdankaufman	Dan Kaufman
14227833	edla	Ed Laczynski
2999337869	Miladbhd	Milad
4545281423	ShadiNiakan	Shadi Niakan
2395123376	zeini0	Ahmad Zeini 
255038870	1masochist	
13865842	jozi	jozi
605155763	sia_mac	Saa 
2200689324	EhsanAhGh	Ehsan Ahmadi Gh
263554126	gadirsa1	gadirsa
14645160	shwood	Brian Brushwood
15192708	tavakkoli	Behnam Tavakkoli
14824449	moemood	Mohi Sanisel
749306023	soltanihub	Mohammad Soltani
1538236963	JokarAmir	Amir Jokar
17154772	Nima1980	Nima
636335981	golrokhbahri	Golrokh.Btf
87249605	inadzay	Javad Yazdani
2749635438	SaharPakseresht	Sahar Pakseresht
84367808	LPlus	Epi Ludvik Nekaj
37599351	benlandis	Ben Landis
46872045	NavidEghbali	
272808760	mojtabad	Mojtaba Darvishi
793988444	AlirezaMoravej	Alireza Moravej
2663814901	Shadmahin	SadMad
262044425	r_fakhr	Roozbeh
