3370497073	amirshkt	Amir Shokati
885551510427504642	HosseinVaezian	Hossein
4098243807	sahar_sobhani	Sahar
837184336675889152	nasimbahary	Nasim Bahari
15699865	amir_HP	amirHP
326204558	SaeedMoY	
4859761	remohammadi	Reza Mohammadi
293718395	NodeSummit	Node Summit
2445358021	JSBelgrade	JS Belgrade
295894862	PHPSrbija	PHP Serbia
6579092	Ardeshir	Ardeshir
443290756	gdg	GDG
761256157	ImanYari	 
1615619642	MitraKh777	Mitra Khalatbari
62107715	maryayi	Mahdi Aryayi
2716838786	yasa87132	
4578112396	laravelshift	Laravel Shift
489648170	_alirezas	Alireza 
1243373930	GhNooshin	Nooshin- 
3749777893	MDerakhshan9	Mostafa Derakhshan
63114918	BabakHeydarii	Babak Heydari
91985735	nodejs	Node.js
2233134438	SadraMohaqeq	Sadra Mohaghegh
699981330654871552	prototyprIO	prototypr
329600238	MasoudFirouzi	Masoud Firouzi
1138959692	Docker	Docker
84512601	elastic	elastic
359047792	FrontEndDaily	FrontEnd Daily
21351713	rastikerdar	Saber Rastikerdar
532923	mathias	Mathias Bynens
130668248	chrisoncode	Chris Sevilleja
2752485828	whatnicktweets	Nicholas Cerminara
815246	wesbos	vacation(`Wes Bos`)
813333008	sarah_edo	Overactive Algorithm
992126114	DavidKPiano	David K. 
99858582	jeffrey_way	Jeffrey Way
17503069	ladyleet	Tracy Lee | ladyleet
28870687	taylorotwell	Taylor Otwell
112507479	arastuq	Touhid Arastu
236880505	reshadman	./Reza\ Shadman
189545795	Khani	 Mohamadreza Khani
12156862	arash_hemmat	arash_hemmat
837297474444406790	MinaPrdl	Mina.prdl
1945088353	mahdieftekhaari	mahdi eftekhaari
56768981	babahri	bagher bahri
1253635922	vagheanke	Shahab Javanmardy
806081585674067968	Darvag_	
2879306620	taskulu_ir	
242797389	smtabatabaie	Mojtaba Tabatabaie
314750089	anttiviljami	Viljami Kuosmanen 
227977025	farsitutor	Reza Nazari    
93712572	Dokhtarhaji	Dokhtarhaji
47135775	hajjehforoosh	
854274296	Freshkaramel	Fereshteh Karamali
37916396	amirsedighi	Amir Sedighi
42365683	amirx	
4897803268	h0d3r_fa	 
352510356	PariaSabet	P@r!A
1856400738	hamidehabibi	hamide habibi
732266055414882304	ViYakamoz	Seda
781100601849548800	mehran_rh	MehranRahbar
15306499	aliajafari	 
3375442425	TahaKhz	taha-khazaee
19409734	Hasan_Farahani	Hasan Farahani
1928332124	mekaeil91	Mekaeil
230507750	hamedbd	Hamed Bidi
15915542	P3DRAM_	
16351891	vahidrsj	Vahid
75223757	jeusGeek	JEUS
2596989619	Mybridge	Mybridge
307807919	101babich	Nick Babich
2589646069	Mybridge_Design	Mybridge Design
24265390	FedericoPascual	Federico Pascual
15144691	YounesKazemi	
304487479	_sajaad_	S a j a D
135502488	MahdiLogs	Mahdi
909073190	HomamGhassemy	Homam Ghassemy
2559511482	zargaripour	Hamed
2201794440	MasoodSadri	Masood
125274562	peyman3d	 
51454843	codeisjoy	Emad A.
188781195	saeed_taheri	Saeed Taheri
717590888	kikojasdotcom	 
856691635	TavaanaTech	TavaanaTech 
61762300	vohooshi	Amir Vohooshi
2208027565	ProductHunt	Product Hunt
714283	mehdivk	Mehdi Valikhani
2175959849	arrrash82	Arash Heydari
558074965	Technifista	Reza Atlaschi
142772512	Tavaana	Tavaana 
2721296281	JalalSamiee	Jalal Samiee
91142785	_arashasghari	Arash
20834720	theReticent	Ilia Vakili
2824602254	iaminnajafi	Amin Najafi
3889051043	AnitaMrf	Anita Mrf
459275531	JavaScriptDaily	JavaScript Daily
1606588254	abt_programming	About Programming
2414205444	CommitStrip	CommitStrip
2735246778	ThePracticalDev	The Practical Dev
795610584	NimaDgr	NIM :]
15192708	tavakkoli	Behnam Tavakkoli
63068768	Sam1Kia	Sam Kia
169179541	mamlekate	
3056709209	eli___h	Elahe
320833489	nikoo_niknam	Nikoo
1040301188	dooneyebarf	
2182812798	monkeylearn	MonkeyLearn
711121549	Emyjamalian	Emy Jamalian 
3156886977	VidaKamalifar	Vida Kamali
2681236902	mona36825	
6405052	saeid	Saeid Zebardast
202108270	khoshfekri	
721685918	NiloufarGhr	Niloufar Ghader
1122480248	JavidIzadfar	Javid Izadfar
128295889	svgeesus	Chris Lilley
4038820096	appwebtech	appwebtech
11628	t	
35761106	w3c	W3C
14231151	csswg	CSS Working Group
717654410	SaraSoueidan	Sara Soueidan 
22199970	LeaVerou	Lea Verou
1671811	paul_irish	Paul Irish
15402347	behdadesfahbod	Behdad Esfahbod
2865460137	PostCSS	PostCSS
3345775882	brix_agency	BRIX
2402097420	andreysitnik	Andrey Sitnik
14824449	moemood	Mohi Sanisel
18973454	farhad_hf	Farhad Hedayatifard
94954307	safaharatian	Safa Haratian
354406949	parniab	
277141287	kiyanir	Kiyan Shalileh
16702029	meftah	 
73088686	_sina_t	Sina
14723545	tehran	Shahram Sharif
19531113	benyblack	Behnam Yousefi
15842280	miladkdz	Milad
15810103	tabibzadeh	Ali Tabibzadeh
3768837255	Roshanyyy	Roshanak At
4416631101	hackarestan	Hackarestan
714688470	befamous	famous
2237844794	mm580486	
65805181	Abreshalvarpush	 
479981193	divisionbyzero_	$ sudo su
1487126604	imohsenet	Mohsen
1733035928	sh_tanhaa	sheyda
451468708	AzizBanihashemi	Aziz Banihashemi
1718930268	MohKermani	Mohammad Kermani
543660237	beygoo	Begi
2395123376	zeini0	Ahmad Zeini 
13513582	alijmlzd	A.J
3345635997	armanhossseini	Arman Hosseini
14897852	MAS_	MAS
2215474562	SajadBehjati	Sajad Behjati
1241050267	majidmoradian	Majid Moradian
56939910	arman_arian	ArMaN
17788375	soh3il	Soheil Alavi
15439643	sajjad_meshki	Shahriar
3870389835	ErfanSamadbin	erfan samadbin
254471612	nazlighorashi	NazBanoo
12355832	opiums	Opium
74991835	WebSummit	Web Summit
367159967	RezaHafezi63	  
838129555	Niazimanesh	Mahdi Niazimanesh
524344579	haj_mamed	 
52493033	ali_hsh	Ali
308955873	Motelllo	
3291251	jaavid	
17761614	hosimaz	Hossein Mazrooei
3288682253	OPPMAKR	Reza Ghiabi
1009810628	phpfig	PHP-FIG
820144172	kazemalavizadeh	kazemalavizadeh
377215935	pouyakondori	Pouya Kondori
223122702	islamizad	Milad Islamizad
396450103	saeed_fard	Saeed Fard
135882072	mirmousaviii	Mostafa Mirmousavi
58320908	alireza2600	Ali Reza Sadeghian
484687328	LeMondeIran	Nouvelles d'Iran
17154772	Nima1980	Nima
339858811	dora_zeppelin	Dziggel
1194874340	rad7dar	
715916525	taheri_mohamad	mohamad taheri
147327472	graphicdesignju	Graphic Design
16192143	don_wp	hysteria
518527599	meysamdm	
252691776	akbarnasr	Akbar
2921268279	ehsanphp	Ehsan Ebdali
2331584635	Digiato	Digiato
19104429	omidmr	Omid Rad
954355117	mahmoodrezafar	Mahmood Reza Farhadi
1677509964	Creative_Digest	Creative Digest
20043995	mFat	Mehdi Fattahi
29703485	frontendconf	Front-End Conference
50360952	silvercover	Hamed Takmil
3231436941	ArtimanStudio	Artiman Studio
18880131	yottanami	yottanami
787108333	lxsameer	lxsameer
2755066155	hamidfzm	Hamid Feizabadi
36370774	B3RSAM	Bersam
43714875	rezakamalifard	Reza Kamalifard
461320226	amir_habibzadeh	Amir Habibzadeh
